{
  "__inputs": [
    {
      "name": "DS_PROMETHEUS",
      "label": "Prometheus",
      "description": "",
      "type": "datasource",
      "pluginId": "prometheus",
      "pluginName": "Prometheus"
    },
    {
      "name": "DS_LOKI",
      "label": "Loki",
      "description": "",
      "type": "datasource",
      "pluginId": "loki",
      "pluginName": "Loki"
    }
  ],
  "__requires": [
    {
      "type": "grafana",
      "id": "grafana",
      "name": "Grafana",
      "version": "7.0.3"
    },
    {
      "type": "panel",
      "id": "graph",
      "name": "Graph",
      "version": ""
    },
    {
      "type": "panel",
      "id": "logs",
      "name": "Logs",
      "version": ""
    },
    {
      "type": "datasource",
      "id": "loki",
      "name": "Loki",
      "version": "1.0.0"
    },
    {
      "type": "datasource",
      "id": "prometheus",
      "name": "Prometheus",
      "version": "1.0.0"
    },
    {
      "type": "panel",
      "id": "stat",
      "name": "Stat",
      "version": ""
    },
    {
      "type": "panel",
      "id": "table-old",
      "name": "Table (old)",
      "version": ""
    }
  ],
  "annotations": {
    "list": [
      {
        "builtIn": 1,
        "datasource": "-- Grafana --",
        "enable": true,
        "hide": true,
        "iconColor": "rgba(0, 211, 255, 1)",
        "name": "Annotations & Alerts",
        "type": "dashboard"
      }
    ]
  },
  "editable": true,
  "gnetId": 12783,
  "graphTooltip": 0,
  "id": null,
  "links": [],
  "panels": [
    {
      "collapsed": false,
      "datasource": "${DS_PROMETHEUS}",
      "gridPos": {
        "h": 1,
        "w": 24,
        "x": 0,
        "y": 0
      },
      "id": 4,
      "panels": [],
      "repeat": "node",
      "scopedVars": {
        "node": {
          "selected": true,
          "text": "demo-validation-deployment-6dcdfc7667-9wbz5",
          "value": "demo-validation-deployment-6dcdfc7667-9wbz5"
        }
      },
      "title": "",
      "type": "row"
    },
    {
      "cacheTimeout": null,
      "datasource": "${DS_PROMETHEUS}",
      "description": "Displays the number of nodes connected to this cluster",
      "fieldConfig": {
        "defaults": {
          "custom": {},
          "mappings": [],
          "nullValueMode": "connected",
          "thresholds": {
            "mode": "absolute",
            "steps": [
              {
                "color": "#B877D9",
                "value": null
              },
              {
                "color": "#56A64B",
                "value": 0
              },
              {
                "color": "#56A64B",
                "value": 0
              }
            ]
          },
          "unit": "short"
        },
        "overrides": []
      },
      "gridPos": {
        "h": 6,
        "w": 4,
        "x": 0,
        "y": 1
      },
      "id": 35,
      "links": [],
      "options": {
        "colorMode": "value",
        "graphMode": "none",
        "justifyMode": "auto",
        "orientation": "horizontal",
        "reduceOptions": {
          "calcs": [
            "lastNotNull"
          ],
          "fields": "",
          "values": false
        }
      },
      "pluginVersion": "7.0.3",
      "scopedVars": {
        "node": {
          "selected": true,
          "text": "demo-validation-deployment-6dcdfc7667-9wbz5",
          "value": "demo-validation-deployment-6dcdfc7667-9wbz5"
        }
      },
      "targets": [
        {
          "expr": "count(wso2_integration_server_up)",
          "format": "time_series",
          "instant": false,
          "interval": "30s",
          "legendFormat": "",
          "refId": "A"
        }
      ],
      "timeFrom": null,
      "timeShift": null,
      "title": "Node Count",
      "type": "stat"
    },
    {
      "datasource": "${DS_PROMETHEUS}",
      "description": "Displays the number of services deployed in the cluster.",
      "fieldConfig": {
        "defaults": {
          "custom": {},
          "links": [],
          "mappings": [],
          "thresholds": {
            "mode": "absolute",
            "steps": [
              {
                "color": "semi-dark-green",
                "value": null
              }
            ]
          }
        },
        "overrides": []
      },
      "gridPos": {
        "h": 6,
        "w": 4,
        "x": 4,
        "y": 1
      },
      "id": 36,
      "options": {
        "colorMode": "value",
        "graphMode": "area",
        "justifyMode": "auto",
        "orientation": "auto",
        "reduceOptions": {
          "calcs": [
            "last"
          ],
          "fields": "",
          "values": true
        }
      },
      "pluginVersion": "7.0.3",
      "scopedVars": {
        "node": {
          "selected": true,
          "text": "demo-validation-deployment-6dcdfc7667-9wbz5",
          "value": "demo-validation-deployment-6dcdfc7667-9wbz5"
        }
      },
      "targets": [
        {
          "expr": "count(count by(service_name,service_type)(wso2_integration_service_up))",
          "instant": true,
          "interval": "30s",
          "legendFormat": "Current",
          "refId": "A"
        }
      ],
      "timeFrom": null,
      "timeShift": null,
      "title": "Service Count",
      "type": "stat"
    },
    {
      "columns": [],
      "datasource": "${DS_PROMETHEUS}",
      "description": "Displays nodes that are deployed in this cluster",
      "fieldConfig": {
        "defaults": {
          "custom": {}
        },
        "overrides": []
      },
      "fontSize": "100%",
      "gridPos": {
        "h": 12,
        "w": 8,
        "x": 8,
        "y": 1
      },
      "id": 37,
      "pageSize": null,
      "scopedVars": {
        "node": {
          "selected": true,
          "text": "demo-validation-deployment-6dcdfc7667-9wbz5",
          "value": "demo-validation-deployment-6dcdfc7667-9wbz5"
        }
      },
      "showHeader": true,
      "sort": {
        "col": 0,
        "desc": true
      },
      "styles": [
        {
          "$$hashKey": "object:150",
          "alias": "Time",
          "align": "auto",
          "dateFormat": "YYYY-MM-DD HH:mm:ss",
          "link": false,
          "pattern": "Time",
          "type": "hidden"
        },
        {
          "$$hashKey": "object:151",
          "alias": "Start Time",
          "align": "auto",
          "colorMode": null,
          "colors": [
            "rgba(245, 54, 54, 0.9)",
            "rgba(237, 129, 40, 0.89)",
            "rgba(50, 172, 45, 0.97)"
          ],
          "dateFormat": "YYYY-MM-DD HH:mm:ss",
          "decimals": 2,
          "mappingType": 1,
          "pattern": "Value",
          "thresholds": [],
          "type": "date",
          "unit": "Time"
        },
        {
          "$$hashKey": "object:152",
          "alias": "Node Name",
          "align": "auto",
          "colorMode": null,
          "colors": [
            "rgba(245, 54, 54, 0.9)",
            "rgba(237, 129, 40, 0.89)",
            "rgba(50, 172, 45, 0.97)"
          ],
          "dateFormat": "YYYY-MM-DD HH:mm:ss",
          "decimals": 2,
          "link": true,
          "linkTargetBlank": true,
          "linkTooltip": "Visit node metrics for ${__cell}",
          "linkUrl": "d/wso2-mi-node-metrics/wso2-integration-node-metrics?var-node=${__cell}&from=${__from}&to=${__to}&refresh=30s",
          "mappingType": 1,
          "pattern": "instance",
          "sanitize": false,
          "thresholds": [],
          "type": "string",
          "unit": "short"
        }
      ],
      "targets": [
        {
          "expr": "sum by(instance) (wso2_integration_server_up>0)*1000",
          "format": "table",
          "instant": true,
          "interval": "",
          "legendFormat": "",
          "refId": "A"
        }
      ],
      "timeFrom": null,
      "timeShift": null,
      "title": "Node List",
      "transform": "table",
      "type": "table-old"
    },
    {
      "columns": [],
      "datasource": "${DS_PROMETHEUS}",
      "description": "Displays services that are deployed in this cluster",
      "fieldConfig": {
        "defaults": {
          "custom": {}
        },
        "overrides": []
      },
      "fontSize": "100%",
      "gridPos": {
        "h": 12,
        "w": 8,
        "x": 16,
        "y": 1
      },
      "id": 22,
      "pageSize": null,
      "scopedVars": {
        "node": {
          "selected": true,
          "text": "demo-validation-deployment-6dcdfc7667-9wbz5",
          "value": "demo-validation-deployment-6dcdfc7667-9wbz5"
        }
      },
      "showHeader": true,
      "sort": {
        "col": 1,
        "desc": true
      },
      "styles": [
        {
          "$$hashKey": "object:255",
          "alias": "Time",
          "align": "auto",
          "dateFormat": "YYYY-MM-DD HH:mm:ss",
          "link": false,
          "pattern": "Time",
          "type": "hidden"
        },
        {
          "$$hashKey": "object:256",
          "alias": "Deployed Time",
          "align": "auto",
          "colorMode": null,
          "colors": [
            "rgba(245, 54, 54, 0.9)",
            "rgba(237, 129, 40, 0.89)",
            "rgba(50, 172, 45, 0.97)"
          ],
          "dateFormat": "YYYY-MM-DD HH:mm:ss",
          "decimals": 2,
          "mappingType": 1,
          "pattern": "Value",
          "thresholds": [],
          "type": "date",
          "unit": "short"
        },
        {
          "$$hashKey": "object:257",
          "alias": "Service Type",
          "align": "auto",
          "colorMode": null,
          "colors": [
            "rgba(245, 54, 54, 0.9)",
            "rgba(237, 129, 40, 0.89)",
            "rgba(50, 172, 45, 0.97)"
          ],
          "dateFormat": "YYYY-MM-DD HH:mm:ss",
          "decimals": 2,
          "mappingType": 1,
          "pattern": "service_type",
          "sanitize": false,
          "thresholds": [],
          "type": "string",
          "unit": "short",
          "valueMaps": [
            {
              "$$hashKey": "object:304",
              "text": "API",
              "value": "api"
            },
            {
              "$$hashKey": "object:305",
              "text": "Proxy Service",
              "value": "proxy"
            },
            {
              "$$hashKey": "object:306",
              "text": "Inbound Endpoint",
              "value": "inbound-endpoint"
            }
          ]
        },
        {
          "$$hashKey": "object:258",
          "alias": "Deploy Time",
          "align": "auto",
          "colorMode": null,
          "colors": [
            "rgba(245, 54, 54, 0.9)",
            "rgba(237, 129, 40, 0.89)",
            "rgba(50, 172, 45, 0.97)"
          ],
          "dateFormat": "YYYY-MM-DD HH:mm:ss",
          "decimals": 2,
          "mappingType": 1,
          "pattern": "start_time",
          "thresholds": [],
          "type": "date",
          "unit": "dateTimeFromNow"
        },
        {
          "$$hashKey": "object:259",
          "alias": "Service Name",
          "align": "auto",
          "colorMode": null,
          "colors": [
            "rgba(245, 54, 54, 0.9)",
            "rgba(237, 129, 40, 0.89)",
            "rgba(50, 172, 45, 0.97)"
          ],
          "dateFormat": "YYYY-MM-DD HH:mm:ss",
          "decimals": 2,
          "link": true,
          "linkTargetBlank": true,
          "linkTooltip": "Visit service metrics for ${__cell} ${__cell_2}",
          "linkUrl": "d/wso2-observerbility-${__cell_2}/wso2-${__cell_2}-metrics?var-service=${__cell}&from=${__from}&to=${__to}&refresh=30s",
          "mappingType": 1,
          "pattern": "service_name",
          "thresholds": [],
          "type": "string",
          "unit": "short"
        }
      ],
      "targets": [
        {
          "expr": "max by(service_name,service_type) (wso2_integration_service_up>0)*1000",
          "format": "table",
          "instant": true,
          "interval": "",
          "legendFormat": "{{service_name}}",
          "refId": "A"
        }
      ],
      "timeFrom": null,
      "timeShift": null,
      "title": "Service List",
      "transform": "table",
      "type": "table-old"
    },
    {
      "datasource": "${DS_PROMETHEUS}",
      "description": "Displays the total request count served by the cluster for the selected time period. Request which resulted in errors will be counted here too.",
      "fieldConfig": {
        "defaults": {
          "custom": {},
          "displayName": "",
          "mappings": [
            {
              "from": "",
              "id": 1,
              "operator": "",
              "text": "0",
              "to": "",
              "type": 1,
              "value": "null"
            }
          ],
          "thresholds": {
            "mode": "absolute",
            "steps": [
              {
                "color": "semi-dark-green",
                "value": null
              }
            ]
          },
          "unit": "none"
        },
        "overrides": []
      },
      "gridPos": {
        "h": 6,
        "w": 4,
        "x": 0,
        "y": 7
      },
      "id": 2,
      "options": {
        "colorMode": "value",
        "graphMode": "none",
        "justifyMode": "center",
        "orientation": "horizontal",
        "reduceOptions": {
          "calcs": [
            "lastNotNull"
          ],
          "fields": "",
          "values": false
        }
      },
      "pluginVersion": "7.0.3",
      "scopedVars": {
        "node": {
          "selected": true,
          "text": "demo-validation-deployment-6dcdfc7667-9wbz5",
          "value": "demo-validation-deployment-6dcdfc7667-9wbz5"
        }
      },
      "targets": [
        {
          "expr": "sum((max_over_time({__name__ =~\"wso2_integration_.*_request_count_total\"}[$__range]))- (min_over_time({__name__ =~\"wso2_integration_.*_request_count_total\"}[$__range])))",
          "interval": "",
          "legendFormat": "",
          "refId": "A"
        }
      ],
      "timeFrom": null,
      "timeShift": null,
      "title": "Request Count",
      "type": "stat"
    },
    {
      "datasource": "${DS_PROMETHEUS}",
      "description": "Displays the total error count occurred in this cluster for the selected time period",
      "fieldConfig": {
        "defaults": {
          "custom": {},
          "mappings": [
            {
              "from": "",
              "id": 1,
              "operator": "",
              "text": "0",
              "to": "",
              "type": 1,
              "value": "null"
            }
          ],
          "thresholds": {
            "mode": "absolute",
            "steps": [
              {
                "color": "dark-red",
                "value": null
              }
            ]
          },
          "unit": "none"
        },
        "overrides": []
      },
      "gridPos": {
        "h": 6,
        "w": 4,
        "x": 4,
        "y": 7
      },
      "id": 20,
      "options": {
        "colorMode": "value",
        "graphMode": "none",
        "justifyMode": "auto",
        "orientation": "auto",
        "reduceOptions": {
          "calcs": [
            "last"
          ],
          "fields": "",
          "values": false
        }
      },
      "pluginVersion": "7.0.3",
      "scopedVars": {
        "node": {
          "selected": true,
          "text": "demo-validation-deployment-6dcdfc7667-9wbz5",
          "value": "demo-validation-deployment-6dcdfc7667-9wbz5"
        }
      },
      "targets": [
        {
          "expr": "sum((max_over_time({__name__ =~\"wso2_integration_.*_request_count_error_total\"}[$__range]))- (min_over_time({__name__ =~\"wso2_integration_.*_request_count_error_total\"}[$__range])))",
          "interval": "",
          "legendFormat": "",
          "refId": "A"
        }
      ],
      "timeFrom": null,
      "timeShift": null,
      "title": "Error Count",
      "type": "stat"
    },
    {
      "aliasColors": {},
      "bars": false,
      "dashLength": 10,
      "dashes": false,
      "datasource": "${DS_PROMETHEUS}",
      "description": "Displays the request rate received by cluster during the selected time period. This will also include error requests. ",
      "fieldConfig": {
        "defaults": {
          "custom": {}
        },
        "overrides": []
      },
      "fill": 1,
      "fillGradient": 0,
      "gridPos": {
        "h": 8,
        "w": 8,
        "x": 0,
        "y": 13
      },
      "hiddenSeries": false,
      "id": 9,
      "interval": "",
      "legend": {
        "alignAsTable": false,
        "avg": false,
        "current": false,
        "max": false,
        "min": false,
        "show": false,
        "total": false,
        "values": false
      },
      "lines": true,
      "linewidth": 1,
      "nullPointMode": "null as zero",
      "options": {
        "dataLinks": []
      },
      "percentage": false,
      "pointradius": 2,
      "points": false,
      "renderer": "flot",
      "scopedVars": {
        "node": {
          "selected": true,
          "text": "demo-validation-deployment-6dcdfc7667-9wbz5",
          "value": "demo-validation-deployment-6dcdfc7667-9wbz5"
        }
      },
      "seriesOverrides": [],
      "spaceLength": 10,
      "stack": false,
      "steppedLine": false,
      "targets": [
        {
          "expr": "sum(rate({__name__ =~\"wso2_integration_.*_request_count_total\"}[$__interval]))",
          "interval": "70s",
          "intervalFactor": 1,
          "legendFormat": "{{instance}}",
          "refId": "A"
        }
      ],
      "thresholds": [],
      "timeFrom": null,
      "timeRegions": [],
      "timeShift": null,
      "title": "Request Rate",
      "tooltip": {
        "shared": true,
        "sort": 0,
        "value_type": "individual"
      },
      "type": "graph",
      "xaxis": {
        "buckets": null,
        "mode": "time",
        "name": null,
        "show": true,
        "values": []
      },
      "yaxes": [
        {
          "decimals": 0,
          "format": "reqps",
          "label": "TPS",
          "logBase": 1,
          "max": null,
          "min": "0",
          "show": true
        },
        {
          "format": "short",
          "label": null,
          "logBase": 1,
          "max": null,
          "min": null,
          "show": false
        }
      ],
      "yaxis": {
        "align": false,
        "alignLevel": null
      }
    },
    {
      "aliasColors": {},
      "bars": false,
      "dashLength": 10,
      "dashes": false,
      "datasource": "${DS_PROMETHEUS}",
      "description": "Displays the error rate occurred at this cluster during the selected time period. ",
      "fieldConfig": {
        "defaults": {
          "custom": {}
        },
        "overrides": []
      },
      "fill": 1,
      "fillGradient": 0,
      "gridPos": {
        "h": 8,
        "w": 8,
        "x": 8,
        "y": 13
      },
      "hiddenSeries": false,
      "id": 12,
      "interval": "",
      "legend": {
        "avg": false,
        "current": false,
        "hideEmpty": false,
        "max": false,
        "min": false,
        "show": false,
        "total": false,
        "values": false
      },
      "lines": true,
      "linewidth": 1,
      "nullPointMode": "null as zero",
      "options": {
        "dataLinks": []
      },
      "percentage": false,
      "pointradius": 2,
      "points": false,
      "renderer": "flot",
      "scopedVars": {
        "node": {
          "selected": true,
          "text": "demo-validation-deployment-6dcdfc7667-9wbz5",
          "value": "demo-validation-deployment-6dcdfc7667-9wbz5"
        }
      },
      "seriesOverrides": [],
      "spaceLength": 10,
      "stack": false,
      "steppedLine": false,
      "targets": [
        {
          "expr": "sum(rate({__name__ =~\"wso2_integration_.*_request_count_error_total\"}[$__interval]))",
          "interval": "1m",
          "legendFormat": "{{kubernetes_pod_name}}",
          "refId": "A"
        }
      ],
      "thresholds": [],
      "timeFrom": null,
      "timeRegions": [],
      "timeShift": null,
      "title": "Error Rate",
      "tooltip": {
        "shared": true,
        "sort": 0,
        "value_type": "individual"
      },
      "type": "graph",
      "xaxis": {
        "buckets": null,
        "mode": "time",
        "name": null,
        "show": true,
        "values": []
      },
      "yaxes": [
        {
          "decimals": null,
          "format": "reqps",
          "label": "TPS",
          "logBase": 1,
          "max": null,
          "min": "0",
          "show": true
        },
        {
          "format": "short",
          "label": null,
          "logBase": 1,
          "max": null,
          "min": null,
          "show": false
        }
      ],
      "yaxis": {
        "align": false,
        "alignLevel": null
      }
    },
    {
      "aliasColors": {},
      "bars": false,
      "dashLength": 10,
      "dashes": false,
      "datasource": "${DS_PROMETHEUS}",
      "description": "Displays 95th and 50th percentile of response times served by all nodes of this cluster",
      "fieldConfig": {
        "defaults": {
          "custom": {}
        },
        "overrides": []
      },
      "fill": 0,
      "fillGradient": 0,
      "gridPos": {
        "h": 8,
        "w": 8,
        "x": 16,
        "y": 13
      },
      "hiddenSeries": false,
      "id": 13,
      "legend": {
        "avg": false,
        "current": false,
        "max": false,
        "min": false,
        "show": true,
        "total": false,
        "values": false
      },
      "lines": true,
      "linewidth": 1,
      "nullPointMode": "null as zero",
      "options": {
        "dataLinks": []
      },
      "percentage": false,
      "pointradius": 2,
      "points": false,
      "renderer": "flot",
      "scopedVars": {
        "node": {
          "selected": true,
          "text": "demo-validation-deployment-6dcdfc7667-9wbz5",
          "value": "demo-validation-deployment-6dcdfc7667-9wbz5"
        }
      },
      "seriesOverrides": [],
      "spaceLength": 10,
      "stack": false,
      "steppedLine": false,
      "targets": [
        {
          "expr": "histogram_quantile(0.5, sum(rate({__name__ =~\"wso2_integration_.*_latency_seconds\", le=~\".+\"}[10m])) by (le))",
          "format": "time_series",
          "hide": false,
          "interval": "1m",
          "legendFormat": "50th Percentile",
          "refId": "A"
        },
        {
          "expr": "histogram_quantile(0.95, sum(rate({__name__ =~\"wso2_integration_.*_latency_seconds\", le=~\".+\"}[10m])) by (le))",
          "interval": "1m",
          "legendFormat": "95th Percentile",
          "refId": "B"
        }
      ],
      "thresholds": [],
      "timeFrom": null,
      "timeRegions": [],
      "timeShift": null,
      "title": "Response Time",
      "tooltip": {
        "shared": true,
        "sort": 2,
        "value_type": "individual"
      },
      "type": "graph",
      "xaxis": {
        "buckets": null,
        "mode": "time",
        "name": null,
        "show": true,
        "values": []
      },
      "yaxes": [
        {
          "format": "s",
          "label": null,
          "logBase": 10,
          "max": null,
          "min": null,
          "show": true
        },
        {
          "format": "short",
          "label": null,
          "logBase": 1,
          "max": null,
          "min": null,
          "show": false
        }
      ],
      "yaxis": {
        "align": false,
        "alignLevel": null
      }
    },
    {
      "datasource": "${DS_LOKI}",
      "description": "Displays the logs(carbon.log) of this node during the selected time period. If no log entries were logged during the selected time pane will be empty.",
      "fieldConfig": {
        "defaults": {
          "custom": {}
        },
        "overrides": []
      },
      "gridPos": {
        "h": 11,
        "w": 24,
        "x": 0,
        "y": 21
      },
      "id": 15,
      "options": {
        "showLabels": false,
        "showTime": true,
        "sortOrder": "Descending",
        "wrapLogMessage": true
      },
      "scopedVars": {
        "node": {
          "selected": true,
          "text": "demo-validation-deployment-6dcdfc7667-9wbz5",
          "value": "demo-validation-deployment-6dcdfc7667-9wbz5"
        }
      },
      "targets": [
        {
          "expr": "{log_level=\"ERROR\"}",
          "refId": "A"
        }
      ],
      "timeFrom": null,
      "timeShift": null,
      "title": "Logs",
      "type": "logs"
    }
  ],
  "refresh": "10s",
  "schemaVersion": 25,
  "style": "dark",
  "tags": [],
  "templating": {
    "list": []
  },
  "time": {
    "from": "now-15m",
    "to": "now"
  },
  "timepicker": {
    "refresh_intervals": [
      "10s",
      "30s",
      "1m",
      "5m",
      "15m",
      "30m",
      "1h",
      "2h",
      "1d"
    ]
  },
  "timezone": "",
  "title": "WSO2 Integration Cluster Metrics",
  "uid": "wso2-mi-cluster-metrics",
  "version": 65,
  "description": "This Dashboard provides an overview of WSO2 integration cluster deployment"
}