{
  "__inputs": [
    {
      "name": "DS_PROMETHEUS",
      "label": "Prometheus",
      "description": "",
      "type": "datasource",
      "pluginId": "prometheus",
      "pluginName": "Prometheus"
    },
    {
      "name": "DS_LOKI",
      "label": "Loki",
      "description": "",
      "type": "datasource",
      "pluginId": "loki",
      "pluginName": "Loki"
    }
  ],
  "__requires": [
    {
      "type": "grafana",
      "id": "grafana",
      "name": "Grafana",
      "version": "7.0.3"
    },
    {
      "type": "panel",
      "id": "graph",
      "name": "Graph",
      "version": ""
    },
    {
      "type": "panel",
      "id": "logs",
      "name": "Logs",
      "version": ""
    },
    {
      "type": "datasource",
      "id": "loki",
      "name": "Loki",
      "version": "1.0.0"
    },
    {
      "type": "datasource",
      "id": "prometheus",
      "name": "Prometheus",
      "version": "1.0.0"
    },
    {
      "type": "panel",
      "id": "stat",
      "name": "Stat",
      "version": ""
    },
    {
      "type": "panel",
      "id": "table-old",
      "name": "Table (old)",
      "version": ""
    }
  ],
  "annotations": {
    "list": [
      {
        "builtIn": 1,
        "datasource": "-- Grafana --",
        "enable": true,
        "hide": true,
        "iconColor": "rgba(0, 211, 255, 1)",
        "name": "Annotations & Alerts",
        "type": "dashboard"
      }
    ]
  },
  "editable": true,
  "gnetId": 12887,
  "graphTooltip": 0,
  "id": null,
  "iteration": 1598354088247,
  "links": [],
  "panels": [
    {
      "collapsed": false,
      "datasource": "${DS_PROMETHEUS}",
      "gridPos": {
        "h": 1,
        "w": 24,
        "x": 0,
        "y": 0
      },
      "id": 4,
      "panels": [],
      "repeat": "node",
      "title": "[[node]]",
      "type": "row"
    },
    {
      "cacheTimeout": null,
      "datasource": "${DS_PROMETHEUS}",
      "description": "",
      "fieldConfig": {
        "defaults": {
          "custom": {},
          "mappings": [],
          "nullValueMode": "connected",
          "thresholds": {
            "mode": "absolute",
            "steps": [
              {
                "color": "#B877D9",
                "value": null
              },
              {
                "color": "#56A64B",
                "value": 0
              },
              {
                "color": "#56A64B",
                "value": 0
              }
            ]
          },
          "unit": "dtdurations"
        },
        "overrides": []
      },
      "gridPos": {
        "h": 6,
        "w": 4,
        "x": 0,
        "y": 1
      },
      "id": 35,
      "interval": null,
      "links": [],
      "maxDataPoints": 100,
      "options": {
        "colorMode": "value",
        "fieldOptions": {
          "calcs": [
            "lastNotNull"
          ]
        },
        "graphMode": "none",
        "justifyMode": "auto",
        "orientation": "horizontal",
        "reduceOptions": {
          "calcs": [
            "mean"
          ],
          "fields": "",
          "values": false
        }
      },
      "pluginVersion": "7.0.3",
      "targets": [
        {
          "expr": "max(time()-wso2_integration_server_up{instance=\"[[node]]\"})",
          "format": "time_series",
          "instant": false,
          "interval": "30s",
          "legendFormat": "",
          "refId": "A"
        }
      ],
      "timeFrom": null,
      "timeShift": null,
      "title": "Up Time",
      "type": "stat"
    },
    {
      "datasource": "${DS_PROMETHEUS}",
      "description": "Displays the number of services deployed in this node.",
      "fieldConfig": {
        "defaults": {
          "custom": {},
          "links": [],
          "mappings": [],
          "thresholds": {
            "mode": "absolute",
            "steps": [
              {
                "color": "semi-dark-green",
                "value": null
              }
            ]
          }
        },
        "overrides": []
      },
      "gridPos": {
        "h": 6,
        "w": 4,
        "x": 4,
        "y": 1
      },
      "id": 36,
      "options": {
        "colorMode": "value",
        "graphMode": "area",
        "justifyMode": "auto",
        "orientation": "auto",
        "reduceOptions": {
          "calcs": [
            "last"
          ],
          "fields": "",
          "values": true
        }
      },
      "pluginVersion": "7.0.3",
      "targets": [
        {
          "expr": "count(wso2_integration_service_up{instance=\"[[node]]\"})",
          "instant": true,
          "interval": "30s",
          "legendFormat": "Current",
          "refId": "A"
        }
      ],
      "timeFrom": null,
      "timeShift": null,
      "title": "Service Count",
      "type": "stat"
    },
    {
      "aliasColors": {},
      "bars": false,
      "dashLength": 10,
      "dashes": false,
      "datasource": "${DS_PROMETHEUS}",
      "description": "Displays current CPU utilisation of the system. If you observe high CPU utilisation refer below link and get a thread dump and thread usage for further investigations.",
      "fieldConfig": {
        "defaults": {
          "custom": {}
        },
        "overrides": []
      },
      "fill": 1,
      "fillGradient": 0,
      "gridPos": {
        "h": 6,
        "w": 4,
        "x": 8,
        "y": 1
      },
      "hiddenSeries": false,
      "id": 16,
      "legend": {
        "avg": false,
        "current": false,
        "max": false,
        "min": false,
        "show": false,
        "total": false,
        "values": false
      },
      "lines": true,
      "linewidth": 1,
      "links": [
        {
          "title": "How to take thread usage and thread dump",
          "url": "https://docs.wso2.com/display/CLUSTER44x/Troubleshooting+in+Production+Environments#TroubleshootinginProductionEnvironments-Analyzingastacktrace"
        }
      ],
      "nullPointMode": "null",
      "options": {
        "dataLinks": []
      },
      "percentage": false,
      "pointradius": 2,
      "points": false,
      "renderer": "flot",
      "seriesOverrides": [],
      "spaceLength": 10,
      "stack": false,
      "steppedLine": false,
      "targets": [
        {
          "expr": "rate(process_cpu_seconds_total{instance=\"[[node]]\"}[$__interval])",
          "interval": "1m",
          "legendFormat": "{{instance}}",
          "refId": "A"
        }
      ],
      "thresholds": [],
      "timeFrom": null,
      "timeRegions": [],
      "timeShift": null,
      "title": "CPU Utilization",
      "tooltip": {
        "shared": true,
        "sort": 0,
        "value_type": "individual"
      },
      "type": "graph",
      "xaxis": {
        "buckets": null,
        "mode": "time",
        "name": null,
        "show": true,
        "values": []
      },
      "yaxes": [
        {
          "decimals": null,
          "format": "percentunit",
          "label": "",
          "logBase": 1,
          "max": null,
          "min": null,
          "show": true
        },
        {
          "format": "short",
          "label": null,
          "logBase": 1,
          "max": null,
          "min": null,
          "show": true
        }
      ],
      "yaxis": {
        "align": false,
        "alignLevel": null
      }
    },
    {
      "aliasColors": {},
      "bars": false,
      "dashLength": 10,
      "dashes": false,
      "datasource": "${DS_PROMETHEUS}",
      "description": "Displays max and current used memory. If you observe any abnormalities refer below link and take a heap-dump of the system for further analysis.",
      "fieldConfig": {
        "defaults": {
          "custom": {}
        },
        "overrides": []
      },
      "fill": 0,
      "fillGradient": 0,
      "gridPos": {
        "h": 6,
        "w": 4,
        "x": 12,
        "y": 1
      },
      "hiddenSeries": false,
      "id": 18,
      "legend": {
        "avg": false,
        "current": true,
        "max": false,
        "min": false,
        "show": true,
        "total": false,
        "values": true
      },
      "lines": true,
      "linewidth": 1,
      "links": [
        {
          "targetBlank": true,
          "title": "How to capture state of the system",
          "url": "https://docs.wso2.com/display/CLUSTER44x/Troubleshooting+in+Production+Environments#TroubleshootinginProductionEnvironments-Capturingthestateofthesystem"
        }
      ],
      "nullPointMode": "null",
      "options": {
        "dataLinks": []
      },
      "percentage": false,
      "pointradius": 2,
      "points": false,
      "renderer": "flot",
      "seriesOverrides": [],
      "spaceLength": 10,
      "stack": false,
      "steppedLine": false,
      "targets": [
        {
          "expr": "jvm_memory_bytes_max{instance=\"[[node]]\",area=\"heap\"}",
          "interval": "",
          "legendFormat": "Max",
          "refId": "A"
        },
        {
          "expr": "jvm_memory_bytes_used{instance=\"[[node]]\", area=\"heap\"}",
          "interval": "",
          "legendFormat": "Used",
          "refId": "B"
        }
      ],
      "thresholds": [
        {
          "colorMode": "critical",
          "fill": true,
          "line": true,
          "op": "lt",
          "value": null,
          "yaxis": "left"
        }
      ],
      "timeFrom": null,
      "timeRegions": [],
      "timeShift": null,
      "title": "JVM Heap Memory",
      "tooltip": {
        "shared": true,
        "sort": 0,
        "value_type": "individual"
      },
      "type": "graph",
      "xaxis": {
        "buckets": null,
        "mode": "time",
        "name": null,
        "show": true,
        "values": []
      },
      "yaxes": [
        {
          "decimals": null,
          "format": "decbytes",
          "label": "",
          "logBase": 1,
          "max": null,
          "min": null,
          "show": true
        },
        {
          "format": "short",
          "label": null,
          "logBase": 1,
          "max": null,
          "min": null,
          "show": true
        }
      ],
      "yaxis": {
        "align": false,
        "alignLevel": null
      }
    },
    {
      "columns": [],
      "datasource": "${DS_PROMETHEUS}",
      "description": "Displays services that are deployed in this instance",
      "fieldConfig": {
        "defaults": {
          "custom": {}
        },
        "overrides": []
      },
      "fontSize": "100%",
      "gridPos": {
        "h": 12,
        "w": 8,
        "x": 16,
        "y": 1
      },
      "id": 22,
      "pageSize": null,
      "showHeader": true,
      "sort": {
        "col": 0,
        "desc": true
      },
      "styles": [
        {
          "$$hashKey": "object:316",
          "alias": "Time",
          "align": "auto",
          "dateFormat": "YYYY-MM-DD HH:mm:ss",
          "link": false,
          "pattern": "Time",
          "type": "hidden"
        },
        {
          "$$hashKey": "object:317",
          "alias": "Deploy Time",
          "align": "auto",
          "colorMode": null,
          "colors": [
            "rgba(245, 54, 54, 0.9)",
            "rgba(237, 129, 40, 0.89)",
            "rgba(50, 172, 45, 0.97)"
          ],
          "dateFormat": "YYYY-MM-DD HH:mm:ss",
          "decimals": 2,
          "mappingType": 1,
          "pattern": "Value",
          "thresholds": [],
          "type": "date",
          "unit": "short"
        },
        {
          "$$hashKey": "object:318",
          "alias": "Service Type",
          "align": "auto",
          "colorMode": null,
          "colors": [
            "rgba(245, 54, 54, 0.9)",
            "rgba(237, 129, 40, 0.89)",
            "rgba(50, 172, 45, 0.97)"
          ],
          "dateFormat": "YYYY-MM-DD HH:mm:ss",
          "decimals": 2,
          "mappingType": 1,
          "pattern": "service_type",
          "sanitize": false,
          "thresholds": [],
          "type": "string",
          "unit": "short",
          "valueMaps": [
            {
              "$$hashKey": "object:360",
              "text": "API",
              "value": "api"
            },
            {
              "$$hashKey": "object:361",
              "text": "Proxy Service",
              "value": "proxy_service"
            }
          ]
        },
        {
          "$$hashKey": "object:319",
          "alias": "Deploy Time",
          "align": "auto",
          "colorMode": null,
          "colors": [
            "rgba(245, 54, 54, 0.9)",
            "rgba(237, 129, 40, 0.89)",
            "rgba(50, 172, 45, 0.97)"
          ],
          "dateFormat": "YYYY-MM-DD HH:mm:ss",
          "decimals": 2,
          "mappingType": 1,
          "pattern": "start_time",
          "thresholds": [],
          "type": "date",
          "unit": "dateTimeFromNow"
        },
        {
          "$$hashKey": "object:320",
          "alias": "Service Name",
          "align": "auto",
          "colorMode": null,
          "colors": [
            "rgba(245, 54, 54, 0.9)",
            "rgba(237, 129, 40, 0.89)",
            "rgba(50, 172, 45, 0.97)"
          ],
          "dateFormat": "YYYY-MM-DD HH:mm:ss",
          "decimals": 2,
          "link": true,
          "linkTargetBlank": true,
          "linkTooltip": "Visit service metrics for ${__cell} ${__cell_2}",
          "linkUrl": "d/wso2-observerbility-${__cell_2}/wso2-${__cell_2}-metrics?var-service=${__cell}&from=${__from}&to=${__to}&refresh=30s",
          "mappingType": 1,
          "pattern": "service_name",
          "thresholds": [],
          "type": "string",
          "unit": "short"
        }
      ],
      "targets": [
        {
          "expr": "sum by(service_name,service_type, start_time) (wso2_integration_service_up{instance=\"[[node]]\"}*1000>0)",
          "format": "table",
          "instant": true,
          "interval": "",
          "legendFormat": "{{service_name}}",
          "refId": "A"
        }
      ],
      "timeFrom": null,
      "timeShift": null,
      "title": "Service List",
      "transform": "table",
      "type": "table-old"
    },
    {
      "datasource": "${DS_PROMETHEUS}",
      "description": "Displays the total request count served by this node from the start. Request which resulted in error will be counted here too.",
      "fieldConfig": {
        "defaults": {
          "custom": {},
          "displayName": "",
          "mappings": [
            {
              "from": "",
              "id": 1,
              "operator": "",
              "text": "0",
              "to": "",
              "type": 1,
              "value": "null"
            }
          ],
          "thresholds": {
            "mode": "absolute",
            "steps": [
              {
                "color": "semi-dark-green",
                "value": null
              }
            ]
          },
          "unit": "none"
        },
        "overrides": []
      },
      "gridPos": {
        "h": 6,
        "w": 4,
        "x": 0,
        "y": 7
      },
      "id": 2,
      "options": {
        "colorMode": "value",
        "graphMode": "none",
        "justifyMode": "center",
        "orientation": "horizontal",
        "reduceOptions": {
          "calcs": [
            "lastNotNull"
          ],
          "fields": "",
          "values": false
        }
      },
      "pluginVersion": "7.0.3",
      "targets": [
        {
          "expr": "sum((max_over_time({__name__ =~\"wso2_integration_.*_request_count_total\",instance=\"[[node]]\"}[$__range]))-  (min_over_time({__name__ =~\"wso2_integration_.*_request_count_total\",instance=\"[[node]]\"}[$__range])))",
          "interval": "",
          "legendFormat": "",
          "refId": "A"
        }
      ],
      "timeFrom": null,
      "timeShift": null,
      "title": "Request Count",
      "type": "stat"
    },
    {
      "datasource": "${DS_PROMETHEUS}",
      "description": "Displays the total error count occurred at this node from the start.",
      "fieldConfig": {
        "defaults": {
          "custom": {},
          "mappings": [
            {
              "from": "",
              "id": 1,
              "operator": "",
              "text": "0",
              "to": "",
              "type": 1,
              "value": "null"
            }
          ],
          "thresholds": {
            "mode": "absolute",
            "steps": [
              {
                "color": "dark-red",
                "value": null
              }
            ]
          },
          "unit": "none"
        },
        "overrides": []
      },
      "gridPos": {
        "h": 6,
        "w": 4,
        "x": 4,
        "y": 7
      },
      "id": 20,
      "options": {
        "colorMode": "value",
        "graphMode": "none",
        "justifyMode": "auto",
        "orientation": "auto",
        "reduceOptions": {
          "calcs": [
            "last"
          ],
          "fields": "",
          "values": false
        }
      },
      "pluginVersion": "7.0.3",
      "targets": [
        {
          "expr": "sum((max_over_time({__name__ =~\"wso2_integration_.*_request_count_error_total\",instance=\"[[node]]\"}[$__range]))- (min_over_time({__name__ =~\"wso2_integration_.*_request_count_error_total\",instance=\"[[node]]\"}[$__range])))",
          "interval": "",
          "legendFormat": "",
          "refId": "A"
        }
      ],
      "timeFrom": null,
      "timeShift": null,
      "title": "Error Count",
      "type": "stat"
    },
    {
      "aliasColors": {},
      "bars": false,
      "dashLength": 10,
      "dashes": false,
      "datasource": "${DS_PROMETHEUS}",
      "description": "Displays the thread count per state. \nIf you observe higher number of blocked threads refer below link and take a thread dump to analyze further.",
      "fieldConfig": {
        "defaults": {
          "custom": {}
        },
        "overrides": []
      },
      "fill": 0,
      "fillGradient": 0,
      "gridPos": {
        "h": 6,
        "w": 4,
        "x": 8,
        "y": 7
      },
      "hiddenSeries": false,
      "id": 19,
      "legend": {
        "avg": false,
        "current": false,
        "max": false,
        "min": false,
        "show": true,
        "total": false,
        "values": false
      },
      "lines": true,
      "linewidth": 1,
      "links": [
        {
          "targetBlank": true,
          "title": "How to take thread dump",
          "url": "https://docs.wso2.com/display/CLUSTER44x/Troubleshooting+in+Production+Environments#TroubleshootinginProductionEnvironments-Analyzingastacktrace"
        }
      ],
      "nullPointMode": "null",
      "options": {
        "dataLinks": []
      },
      "percentage": false,
      "pointradius": 2,
      "points": false,
      "renderer": "flot",
      "seriesOverrides": [],
      "spaceLength": 10,
      "stack": false,
      "steppedLine": true,
      "targets": [
        {
          "expr": "jvm_threads_state{instance=\"[[node]]\", state=\"RUNNABLE\"}",
          "interval": "30s",
          "legendFormat": "Runnable",
          "refId": "A"
        },
        {
          "expr": "jvm_threads_state{instance=\"[[node]]\", state=\"WAITING\"} ",
          "interval": "30s",
          "legendFormat": "Waiting",
          "refId": "B"
        },
        {
          "expr": "jvm_threads_state{instance=\"[[node]]\", state=\"BLOCKED\"}",
          "interval": "30s",
          "legendFormat": "Blocked",
          "refId": "C"
        },
        {
          "expr": "jvm_threads_state{instance=\"[[node]]\", state=\"TIMED_WAITING\"}",
          "interval": "",
          "legendFormat": "Timed Waiting",
          "refId": "D"
        }
      ],
      "thresholds": [],
      "timeFrom": null,
      "timeRegions": [],
      "timeShift": null,
      "title": "Thread Count",
      "tooltip": {
        "shared": true,
        "sort": 0,
        "value_type": "individual"
      },
      "type": "graph",
      "xaxis": {
        "buckets": null,
        "mode": "time",
        "name": null,
        "show": true,
        "values": []
      },
      "yaxes": [
        {
          "decimals": null,
          "format": "short",
          "label": "",
          "logBase": 1,
          "max": null,
          "min": "0",
          "show": true
        },
        {
          "format": "short",
          "label": "",
          "logBase": 1,
          "max": null,
          "min": null,
          "show": true
        }
      ],
      "yaxis": {
        "align": false,
        "alignLevel": null
      }
    },
    {
      "aliasColors": {},
      "bars": false,
      "dashLength": 10,
      "dashes": false,
      "datasource": "${DS_PROMETHEUS}",
      "description": "Displays 'Open' and 'Max' file descriptor count. If open descriptor count is high and exceeding max descriptor count refer below link to increase the max file descriptor count.",
      "fieldConfig": {
        "defaults": {
          "custom": {}
        },
        "overrides": []
      },
      "fill": 0,
      "fillGradient": 0,
      "gridPos": {
        "h": 6,
        "w": 4,
        "x": 12,
        "y": 7
      },
      "hiddenSeries": false,
      "id": 6,
      "legend": {
        "alignAsTable": false,
        "avg": false,
        "current": true,
        "max": false,
        "min": false,
        "rightSide": false,
        "show": true,
        "total": false,
        "values": true
      },
      "lines": true,
      "linewidth": 1,
      "links": [
        {
          "targetBlank": true,
          "title": "Performance Tuning Guide",
          "url": "https://ei.docs.wso2.com/en/latest/micro-integrator/setup/performance_tuning/network_os_performance/"
        }
      ],
      "nullPointMode": "null",
      "options": {
        "dataLinks": []
      },
      "percentage": false,
      "pluginVersion": "6.6.2",
      "pointradius": 2,
      "points": false,
      "renderer": "flot",
      "seriesOverrides": [],
      "spaceLength": 10,
      "stack": false,
      "steppedLine": false,
      "targets": [
        {
          "expr": "process_open_fds{instance=\"[[node]]\"}",
          "interval": "",
          "legendFormat": "Open",
          "refId": "A"
        },
        {
          "expr": "process_max_fds{instance=\"[[node]]\"}",
          "interval": "",
          "legendFormat": "Max",
          "refId": "B"
        }
      ],
      "thresholds": [],
      "timeFrom": null,
      "timeRegions": [],
      "timeShift": null,
      "title": "Open File Descriptor Count",
      "tooltip": {
        "shared": true,
        "sort": 0,
        "value_type": "individual"
      },
      "type": "graph",
      "xaxis": {
        "buckets": null,
        "mode": "time",
        "name": null,
        "show": true,
        "values": []
      },
      "yaxes": [
        {
          "format": "short",
          "label": null,
          "logBase": 32,
          "max": null,
          "min": null,
          "show": true
        },
        {
          "format": "short",
          "label": null,
          "logBase": 1,
          "max": null,
          "min": null,
          "show": false
        }
      ],
      "yaxis": {
        "align": false,
        "alignLevel": null
      }
    },
    {
      "aliasColors": {},
      "bars": false,
      "dashLength": 10,
      "dashes": false,
      "datasource": "${DS_PROMETHEUS}",
      "description": "Displays the request rate received by this node during the selected time period. This will also include error requests. ",
      "fieldConfig": {
        "defaults": {
          "custom": {}
        },
        "overrides": []
      },
      "fill": 1,
      "fillGradient": 0,
      "gridPos": {
        "h": 8,
        "w": 8,
        "x": 0,
        "y": 13
      },
      "hiddenSeries": false,
      "id": 9,
      "interval": "",
      "legend": {
        "alignAsTable": false,
        "avg": false,
        "current": false,
        "max": false,
        "min": false,
        "show": false,
        "total": false,
        "values": false
      },
      "lines": true,
      "linewidth": 1,
      "nullPointMode": "null",
      "options": {
        "dataLinks": []
      },
      "percentage": false,
      "pointradius": 2,
      "points": false,
      "renderer": "flot",
      "seriesOverrides": [],
      "spaceLength": 10,
      "stack": false,
      "steppedLine": false,
      "targets": [
        {
          "expr": "sum(rate({__name__ =~\"wso2_integration_.*_request_count_total\",instance=\"[[node]]\"}[$__interval]))",
          "interval": "70s",
          "intervalFactor": 1,
          "legendFormat": "{{instance}}",
          "refId": "A"
        }
      ],
      "thresholds": [],
      "timeFrom": null,
      "timeRegions": [],
      "timeShift": null,
      "title": "Request Rate",
      "tooltip": {
        "shared": true,
        "sort": 0,
        "value_type": "individual"
      },
      "type": "graph",
      "xaxis": {
        "buckets": null,
        "mode": "time",
        "name": null,
        "show": true,
        "values": []
      },
      "yaxes": [
        {
          "decimals": 0,
          "format": "reqps",
          "label": "TPS",
          "logBase": 1,
          "max": null,
          "min": "0",
          "show": true
        },
        {
          "format": "short",
          "label": null,
          "logBase": 1,
          "max": null,
          "min": null,
          "show": false
        }
      ],
      "yaxis": {
        "align": false,
        "alignLevel": null
      }
    },
    {
      "aliasColors": {},
      "bars": false,
      "dashLength": 10,
      "dashes": false,
      "datasource": "${DS_PROMETHEUS}",
      "description": "Displays the error rate occurred at this node during the selected time period. ",
      "fieldConfig": {
        "defaults": {
          "custom": {}
        },
        "overrides": []
      },
      "fill": 1,
      "fillGradient": 0,
      "gridPos": {
        "h": 8,
        "w": 8,
        "x": 8,
        "y": 13
      },
      "hiddenSeries": false,
      "id": 12,
      "interval": "",
      "legend": {
        "avg": false,
        "current": false,
        "hideEmpty": false,
        "max": false,
        "min": false,
        "show": false,
        "total": false,
        "values": false
      },
      "lines": true,
      "linewidth": 1,
      "nullPointMode": "null as zero",
      "options": {
        "dataLinks": []
      },
      "percentage": false,
      "pointradius": 2,
      "points": false,
      "renderer": "flot",
      "seriesOverrides": [],
      "spaceLength": 10,
      "stack": false,
      "steppedLine": false,
      "targets": [
        {
          "expr": "sum(rate({__name__ =~\"wso2_integration_.*_request_count_error_total\",instance=\"[[node]]\"}[$__interval]))",
          "interval": "1m",
          "legendFormat": "{{kubernetes_pod_name}}",
          "refId": "A"
        }
      ],
      "thresholds": [],
      "timeFrom": null,
      "timeRegions": [],
      "timeShift": null,
      "title": "Error Rate",
      "tooltip": {
        "shared": true,
        "sort": 0,
        "value_type": "individual"
      },
      "type": "graph",
      "xaxis": {
        "buckets": null,
        "mode": "time",
        "name": null,
        "show": true,
        "values": []
      },
      "yaxes": [
        {
          "decimals": null,
          "format": "reqps",
          "label": "TPS",
          "logBase": 1,
          "max": null,
          "min": "0",
          "show": true
        },
        {
          "format": "short",
          "label": null,
          "logBase": 1,
          "max": null,
          "min": null,
          "show": false
        }
      ],
      "yaxis": {
        "align": false,
        "alignLevel": null
      }
    },
    {
      "aliasColors": {},
      "bars": false,
      "dashLength": 10,
      "dashes": false,
      "datasource": "${DS_PROMETHEUS}",
      "description": "Displays the response time of all requests served by this node in a heat map. Each tile will represent number of requests which fell in to the pre-defined time bucket during the bucket time span.",
      "fieldConfig": {
        "defaults": {
          "custom": {}
        },
        "overrides": []
      },
      "fill": 0,
      "fillGradient": 0,
      "gridPos": {
        "h": 8,
        "w": 8,
        "x": 16,
        "y": 13
      },
      "hiddenSeries": false,
      "id": 13,
      "legend": {
        "avg": false,
        "current": false,
        "max": false,
        "min": false,
        "show": true,
        "total": false,
        "values": false
      },
      "lines": true,
      "linewidth": 1,
      "nullPointMode": "null as zero",
      "options": {
        "dataLinks": []
      },
      "percentage": false,
      "pointradius": 2,
      "points": false,
      "renderer": "flot",
      "seriesOverrides": [],
      "spaceLength": 10,
      "stack": false,
      "steppedLine": false,
      "targets": [
        {
          "expr": "histogram_quantile(0.5, sum(rate({__name__ =~\"wso2_integration_.*_latency_seconds\", instance=\"[[node]]\", le=~\".+\"}[10m])) by (le))",
          "format": "time_series",
          "hide": false,
          "interval": "1m",
          "legendFormat": "50th Percentile",
          "refId": "A"
        },
        {
          "expr": "histogram_quantile(0.95, sum(rate({__name__ =~\"wso2_integration_.*_latency_seconds\", instance=\"[[node]]\", le=~\".+\"}[10m])) by (le))",
          "interval": "",
          "legendFormat": "95th Percentile",
          "refId": "B"
        }
      ],
      "thresholds": [],
      "timeFrom": null,
      "timeRegions": [],
      "timeShift": null,
      "title": "Response Time",
      "tooltip": {
        "shared": true,
        "sort": 2,
        "value_type": "individual"
      },
      "type": "graph",
      "xaxis": {
        "buckets": null,
        "mode": "time",
        "name": null,
        "show": true,
        "values": []
      },
      "yaxes": [
        {
          "$$hashKey": "object:144",
          "format": "s",
          "label": null,
          "logBase": 10,
          "max": null,
          "min": null,
          "show": true
        },
        {
          "$$hashKey": "object:145",
          "format": "short",
          "label": null,
          "logBase": 1,
          "max": null,
          "min": null,
          "show": true
        }
      ],
      "yaxis": {
        "align": false,
        "alignLevel": null
      }
    },
    {
      "datasource": "${DS_LOKI}",
      "description": "Displays the logs(carbon.log) of this node during the selected time period. If no log entries were logged during the selected time pane will be empty.",
      "fieldConfig": {
        "defaults": {
          "custom": {}
        },
        "overrides": []
      },
      "gridPos": {
        "h": 11,
        "w": 24,
        "x": 0,
        "y": 21
      },
      "id": 15,
      "options": {
        "showLabels": false,
        "showTime": true,
        "sortOrder": "Descending",
        "wrapLogMessage": true
      },
      "targets": [
        {
          "expr": "{instance=\"[[node]]\"}",
          "refId": "A"
        }
      ],
      "timeFrom": null,
      "timeShift": null,
      "title": "Logs",
      "type": "logs"
    }
  ],
  "refresh": "30s",
  "schemaVersion": 25,
  "style": "dark",
  "tags": [],
  "templating": {
    "list": [
      {
        "allValue": null,
        "current": {},
        "datasource": "${DS_PROMETHEUS}",
        "definition": "label_values(wso2_integration_server_up, instance)",
        "hide": 0,
        "includeAll": false,
        "label": "MI Node",
        "multi": true,
        "name": "node",
        "options": [],
        "query": "label_values(wso2_integration_server_up, instance)",
        "refresh": 2,
        "regex": "",
        "skipUrlSync": false,
        "sort": 1,
        "tagValuesQuery": "",
        "tags": [],
        "tagsQuery": "",
        "type": "query",
        "useTags": false
      }
    ]
  },
  "time": {
    "from": "2020-08-25T10:59:45.895Z",
    "to": "2020-08-25T11:14:45.895Z"
  },
  "timepicker": {
    "refresh_intervals": [
      "10s",
      "30s",
      "1m",
      "5m",
      "15m",
      "30m",
      "1h",
      "2h",
      "1d"
    ]
  },
  "timezone": "",
  "title": "WSO2 Integration Node Metrics",
  "uid": "wso2-mi-node-metrics",
  "version": 1,
  "description": "This Dashboard provides an overview of a single WSO2 integration nodes"
}