{
  "annotations": {
    "list": [
      {
        "builtIn": 1,
        "datasource": "-- Grafana --",
        "enable": true,
        "hide": true,
        "iconColor": "rgba(0, 211, 255, 1)",
        "name": "Annotations & Alerts",
        "target": {
          "limit": 100,
          "matchAny": false,
          "tags": [],
          "type": "dashboard"
        },
        "type": "dashboard"
      }
    ]
  },
  "description": "This Dashboard provides an overview of API services deployed in Enterprise Integrator Cluster.",
  "editable": true,
  "gnetId": 12888,
  "graphTooltip": 0,
  "iteration": 1633522101007,
  "links": [],
  "panels": [
    {
      "cacheTimeout": null,
      "datasource": "Prometheus",
      "fieldConfig": {
        "defaults": {
          "color": {
            "mode": "thresholds"
          },
          "mappings": [
            {
              "options": {
                "match": "null",
                "result": {
                  "text": "N/A"
                }
              },
              "type": "special"
            }
          ],
          "thresholds": {
            "mode": "absolute",
            "steps": [
              {
                "color": "green",
                "value": null
              },
              {
                "color": "red",
                "value": 80
              }
            ]
          },
          "unit": "dtdurations"
        },
        "overrides": []
      },
      "gridPos": {
        "h": 5,
        "w": 4,
        "x": 0,
        "y": 0
      },
      "id": 6,
      "interval": null,
      "links": [],
      "maxDataPoints": 100,
      "options": {
        "colorMode": "value",
        "graphMode": "none",
        "justifyMode": "auto",
        "orientation": "horizontal",
        "reduceOptions": {
          "calcs": [
            "lastNotNull"
          ],
          "fields": "",
          "values": false
        },
        "text": {},
        "textMode": "auto"
      },
      "pluginVersion": "8.1.3",
      "targets": [
        {
          "expr": "time() - max(wso2_integration_service_up{service_name=~\"[[service]]\"})",
          "instant": false,
          "interval": "",
          "legendFormat": "",
          "refId": "A"
        }
      ],
      "timeFrom": null,
      "timeShift": null,
      "title": "Up Time",
      "type": "stat"
    },
    {
      "cacheTimeout": null,
      "datasource": "Prometheus",
      "description": "Displays all time request count served by this API service. This will also include the error requests.",
      "fieldConfig": {
        "defaults": {
          "mappings": [
            {
              "options": {
                "match": "null",
                "result": {
                  "color": "green",
                  "text": "0"
                }
              },
              "type": "special"
            }
          ],
          "thresholds": {
            "mode": "absolute",
            "steps": [
              {
                "color": "green",
                "value": null
              }
            ]
          },
          "unit": "none"
        },
        "overrides": []
      },
      "gridPos": {
        "h": 5,
        "w": 4,
        "x": 4,
        "y": 0
      },
      "id": 2,
      "links": [
        {
          "targetBlank": true,
          "title": "Visit Node Dashboard",
          "url": "https://stackoverflow.com/questions/43890629/prometheus-timestamps"
        }
      ],
      "options": {
        "colorMode": "value",
        "graphMode": "none",
        "justifyMode": "center",
        "orientation": "horizontal",
        "reduceOptions": {
          "calcs": [
            "last"
          ],
          "fields": "",
          "values": false
        },
        "text": {},
        "textMode": "auto"
      },
      "pluginVersion": "8.1.3",
      "targets": [
        {
          "expr": "sum((max_over_time(wso2_integration_api_request_count_total{service_name=~\"[[service]]\"}[$__range]))- (min_over_time(wso2_integration_api_request_count_total{service_name=~\"[[service]]\"}[$__range])))",
          "interval": "",
          "legendFormat": "",
          "refId": "A"
        }
      ],
      "timeFrom": null,
      "timeShift": null,
      "title": "All Request Count",
      "type": "stat"
    },
    {
      "cacheTimeout": null,
      "datasource": "Prometheus",
      "description": "Displays approximate request count received by this API service within the selected time range.",
      "fieldConfig": {
        "defaults": {
          "mappings": [
            {
              "options": {
                "": {
                  "text": ""
                }
              },
              "type": "value"
            }
          ],
          "thresholds": {
            "mode": "absolute",
            "steps": [
              {
                "color": "green",
                "value": null
              }
            ]
          },
          "unit": "none"
        },
        "overrides": []
      },
      "gridPos": {
        "h": 5,
        "w": 4,
        "x": 8,
        "y": 0
      },
      "id": 16,
      "links": [],
      "options": {
        "colorMode": "value",
        "graphMode": "none",
        "justifyMode": "auto",
        "orientation": "horizontal",
        "reduceOptions": {
          "calcs": [
            "last"
          ],
          "fields": "",
          "values": false
        },
        "text": {},
        "textMode": "auto"
      },
      "pluginVersion": "8.1.3",
      "targets": [
        {
          "expr": "(sum((max_over_time(wso2_integration_api_request_count_total{service_name=~\"[[service]]\"}[$__range]))- (min_over_time(wso2_integration_api_request_count_total{service_name=~\"[[service]]\"}[$__range]))))-(sum((max_over_time(wso2_integration_api_request_count_error_total{service_name=~\"[[service]]\"}[$__range]))- (min_over_time(wso2_integration_api_request_count_error_total{service_name=~\"[[service]]\"}[$__range]))))",
          "hide": false,
          "interval": "",
          "legendFormat": "",
          "refId": "A"
        },
        {
          "expr": "(sum(max_over_time(wso2_integration_api_request_count_total{service_name=~\"[[service]]\"}[$__range])-min_over_time(wso2_integration_api_request_count_total{service_name=~\"[[service]]\"}[$__range])))",
          "hide": true,
          "interval": "1m",
          "legendFormat": "",
          "refId": "B"
        }
      ],
      "timeFrom": null,
      "timeShift": null,
      "title": "Successful Request Count",
      "transformations": [],
      "type": "stat"
    },
    {
      "datasource": "Prometheus",
      "description": "Displays all time error count occurred within this API service",
      "fieldConfig": {
        "defaults": {
          "links": [],
          "mappings": [
            {
              "options": {
                "match": "null",
                "result": {
                  "color": "red",
                  "text": "0"
                }
              },
              "type": "special"
            }
          ],
          "thresholds": {
            "mode": "absolute",
            "steps": [
              {
                "color": "green",
                "value": null
              },
              {
                "color": "red",
                "value": 0
              }
            ]
          }
        },
        "overrides": []
      },
      "gridPos": {
        "h": 5,
        "w": 4,
        "x": 12,
        "y": 0
      },
      "id": 20,
      "options": {
        "colorMode": "value",
        "graphMode": "none",
        "justifyMode": "auto",
        "orientation": "auto",
        "reduceOptions": {
          "calcs": [
            "last"
          ],
          "fields": "",
          "values": false
        },
        "text": {},
        "textMode": "auto"
      },
      "pluginVersion": "8.1.3",
      "targets": [
        {
          "expr": "sum((max_over_time(wso2_integration_api_request_count_error_total{service_name=~\"[[service]]\"}[$__range]))-(min_over_time(wso2_integration_api_request_count_error_total{service_name=~\"[[service]]\"}[$__range])))",
          "interval": "",
          "legendFormat": "",
          "refId": "A"
        }
      ],
      "timeFrom": null,
      "timeShift": null,
      "title": "Error Count",
      "type": "stat"
    },
    {
      "datasource": "Prometheus",
      "description": "Displays number of error requests occurred during the selected time range.",
      "fieldConfig": {
        "defaults": {
          "mappings": [
            {
              "options": {
                "match": "null",
                "result": {
                  "color": "green",
                  "text": "0%"
                }
              },
              "type": "special"
            }
          ],
          "max": 1,
          "min": 0,
          "noValue": "0%",
          "thresholds": {
            "mode": "absolute",
            "steps": [
              {
                "color": "green",
                "value": null
              },
              {
                "color": "red",
                "value": 75
              }
            ]
          },
          "unit": "percentunit"
        },
        "overrides": []
      },
      "gridPos": {
        "h": 5,
        "w": 4,
        "x": 16,
        "y": 0
      },
      "id": 19,
      "options": {
        "colorMode": "value",
        "graphMode": "none",
        "justifyMode": "auto",
        "orientation": "auto",
        "reduceOptions": {
          "calcs": [
            "lastNotNull"
          ],
          "fields": "",
          "values": false
        },
        "text": {},
        "textMode": "auto"
      },
      "pluginVersion": "8.1.3",
      "targets": [
        {
          "expr": "sum((max_over_time(wso2_integration_proxy_request_count_error_total{service_name=~\"[[service]]\"}[$__range]))-(min_over_time(wso2_integration_proxy_request_count_error_total{service_name=~\"[[service]]\"}[$__range])))/sum((max_over_time(wso2_integration_proxy_request_count_total{service_name=~\"[[service]]\"}[$__range]))-(min_over_time(wso2_integration_proxy_request_count_total{service_name=~\"[[service]]\"}[$__range])))",
          "interval": "30s",
          "legendFormat": "Current",
          "refId": "A"
        }
      ],
      "timeFrom": null,
      "timeShift": null,
      "title": "Error Percentage",
      "type": "stat"
    },
    {
      "datasource": "Prometheus",
      "description": "Displays number of nodes this API service is deployed.",
      "fieldConfig": {
        "defaults": {
          "links": [],
          "mappings": [],
          "thresholds": {
            "mode": "absolute",
            "steps": [
              {
                "color": "green",
                "value": null
              }
            ]
          }
        },
        "overrides": []
      },
      "gridPos": {
        "h": 5,
        "w": 4,
        "x": 20,
        "y": 0
      },
      "id": 18,
      "links": [],
      "options": {
        "colorMode": "value",
        "graphMode": "none",
        "justifyMode": "auto",
        "orientation": "auto",
        "reduceOptions": {
          "calcs": [
            "last"
          ],
          "fields": "",
          "values": false
        },
        "text": {},
        "textMode": "auto"
      },
      "pluginVersion": "8.1.3",
      "targets": [
        {
          "expr": "count(wso2_integration_service_up{service_name=~\"[[service]]\"})",
          "instant": true,
          "interval": "",
          "legendFormat": "",
          "refId": "A"
        }
      ],
      "timeFrom": null,
      "timeShift": null,
      "title": "Deployed Node Count",
      "type": "stat"
    },
    {
      "aliasColors": {},
      "bars": false,
      "dashLength": 10,
      "dashes": false,
      "datasource": "Prometheus",
      "description": "Displays the request rate for this API service.",
      "fieldConfig": {
        "defaults": {
          "links": []
        },
        "overrides": []
      },
      "fill": 1,
      "fillGradient": 0,
      "gridPos": {
        "h": 8,
        "w": 8,
        "x": 0,
        "y": 5
      },
      "hiddenSeries": false,
      "id": 9,
      "legend": {
        "alignAsTable": false,
        "avg": false,
        "current": false,
        "max": false,
        "min": false,
        "show": false,
        "total": false,
        "values": false
      },
      "lines": true,
      "linewidth": 1,
      "nullPointMode": "null",
      "options": {
        "alertThreshold": true
      },
      "percentage": false,
      "pluginVersion": "8.1.3",
      "pointradius": 2,
      "points": false,
      "renderer": "flot",
      "seriesOverrides": [],
      "spaceLength": 10,
      "stack": false,
      "steppedLine": false,
      "targets": [
        {
          "expr": "sum(rate(wso2_integration_api_request_count_total{service_name=~\"[[service]]\"}[$__interval]))",
          "interval": "70s",
          "intervalFactor": 1,
          "legendFormat": "",
          "refId": "A"
        }
      ],
      "thresholds": [],
      "timeFrom": null,
      "timeRegions": [],
      "timeShift": null,
      "title": "Request Rate",
      "tooltip": {
        "shared": true,
        "sort": 0,
        "value_type": "individual"
      },
      "type": "graph",
      "xaxis": {
        "buckets": null,
        "mode": "time",
        "name": null,
        "show": true,
        "values": []
      },
      "yaxes": [
        {
          "decimals": 0,
          "format": "reqps",
          "label": "TPS",
          "logBase": 1,
          "max": null,
          "min": "0",
          "show": true
        },
        {
          "format": "short",
          "label": null,
          "logBase": 1,
          "max": null,
          "min": null,
          "show": false
        }
      ],
      "yaxis": {
        "align": false,
        "alignLevel": null
      }
    },
    {
      "aliasColors": {},
      "bars": false,
      "dashLength": 10,
      "dashes": false,
      "datasource": "Prometheus",
      "description": "Displays error rate of this API service.",
      "fieldConfig": {
        "defaults": {
          "links": []
        },
        "overrides": []
      },
      "fill": 1,
      "fillGradient": 0,
      "gridPos": {
        "h": 8,
        "w": 8,
        "x": 8,
        "y": 5
      },
      "hiddenSeries": false,
      "id": 12,
      "interval": "",
      "legend": {
        "avg": false,
        "current": false,
        "max": false,
        "min": false,
        "show": false,
        "total": false,
        "values": false
      },
      "lines": true,
      "linewidth": 1,
      "nullPointMode": "null",
      "options": {
        "alertThreshold": true
      },
      "percentage": false,
      "pluginVersion": "8.1.3",
      "pointradius": 2,
      "points": false,
      "renderer": "flot",
      "seriesOverrides": [],
      "spaceLength": 10,
      "stack": false,
      "steppedLine": false,
      "targets": [
        {
          "expr": "sum(rate(wso2_integration_api_request_count_error_total{service_name=~\"[[service]]\"}[$__interval]))",
          "interval": "1m",
          "legendFormat": "{{kubernetes_pod_name}}",
          "refId": "A"
        }
      ],
      "thresholds": [],
      "timeFrom": null,
      "timeRegions": [],
      "timeShift": null,
      "title": "Error Rate",
      "tooltip": {
        "shared": true,
        "sort": 0,
        "value_type": "individual"
      },
      "type": "graph",
      "xaxis": {
        "buckets": null,
        "mode": "time",
        "name": null,
        "show": true,
        "values": []
      },
      "yaxes": [
        {
          "decimals": null,
          "format": "short",
          "label": "TPS",
          "logBase": 1,
          "max": null,
          "min": "0",
          "show": true
        },
        {
          "format": "short",
          "label": null,
          "logBase": 1,
          "max": null,
          "min": null,
          "show": true
        }
      ],
      "yaxis": {
        "align": false,
        "alignLevel": null
      }
    },
    {
      "cards": {
        "cardPadding": null,
        "cardRound": null
      },
      "color": {
        "cardColor": "#b4ff00",
        "colorScale": "sqrt",
        "colorScheme": "interpolateYlOrRd",
        "exponent": 0.5,
        "min": null,
        "mode": "spectrum"
      },
      "dataFormat": "tsbuckets",
      "datasource": "Prometheus",
      "description": "Displays the response time of all requests served by this API service in a heat map. Each tile will represent number of requests which fell in to the pre-defined time bucket during the bucket time span. If you seen any anomalies  please use the below link to view tracing information related to [[service]]",
      "gridPos": {
        "h": 8,
        "w": 8,
        "x": 16,
        "y": 5
      },
      "heatmap": {},
      "hideZeroBuckets": false,
      "highlightCards": true,
      "id": 13,
      "interval": "",
      "legend": {
        "show": true
      },
      "links": [
        {
          "targetBlank": true,
          "title": "Tracing UI",
          "url": "http://[[jaegerHost]]/search?service=wso2-synapse&tags={\"componentName\":\"[[service]]\"}&start=${__from}000&end=${__to}000&lookback=custom"
        }
      ],
      "reverseYBuckets": false,
      "targets": [
        {
          "expr": "sum by (le)(increase(wso2_integration_api_latency_seconds{service_name=~\"[[service]]\", le=~\".+\"}[5m]))",
          "format": "heatmap",
          "hide": false,
          "instant": false,
          "interval": "1m",
          "legendFormat": "{{le}}",
          "refId": "A"
        }
      ],
      "timeFrom": null,
      "timeShift": null,
      "title": "Response Time",
      "tooltip": {
        "show": true,
        "showHistogram": false
      },
      "type": "heatmap",
      "xAxis": {
        "show": true
      },
      "xBucketNumber": null,
      "xBucketSize": null,
      "yAxis": {
        "decimals": null,
        "format": "s",
        "logBase": 1,
        "max": null,
        "min": null,
        "show": true,
        "splitFactor": null
      },
      "yBucketBound": "upper",
      "yBucketNumber": null,
      "yBucketSize": null
    },
    {
      "datasource": "Prometheus",
      "gridPos": {
        "h": 11,
        "w": 24,
        "x": 0,
        "y": 13
      },
      "id": 15,
      "options": {
        "dedupStrategy": "none",
        "enableLogDetails": true,
        "prettifyLogMessage": false,
        "showCommonLabels": false,
        "showLabels": false,
        "showTime": true,
        "sortOrder": "Descending",
        "wrapLogMessage": true
      },
      "targets": [
        {
          "expr": "{service=\"{proxy:[[service]]}\"}",
          "refId": "A"
        }
      ],
      "timeFrom": null,
      "timeShift": null,
      "title": "Logs",
      "type": "logs"
    }
  ],
  "refresh": "30s",
  "schemaVersion": 30,
  "style": "dark",
  "tags": [],
  "templating": {
    "list": []
  },
  "time": {
    "from": "2020-08-25T10:59:45.895Z",
    "to": "2020-08-25T11:14:45.895Z"
  },
  "timepicker": {
    "refresh_intervals": [
      "10s",
      "30s",
      "1m",
      "5m",
      "15m",
      "30m",
      "1h",
      "2h",
      "1d"
    ]
  },
  "timezone": "",
  "title": "WSO2 API Metrics",
  "uid": "wso2-observerbility-api",
  "version": 1
}